night,comb
1,Aurelia+Diogo Finnja+Francesco Jacky+Salvo
1,Aurelia+Diogo Finnja+Francesco Jill+Jamy
1,Aurelia+Diogo Finnja+Francesco Jules+Alex
1,Aurelia+Diogo Finnja+Francesco Kathleen+Manu
1,Aurelia+Diogo Finnja+Francesco Melina+Tommy
1,Aurelia+Diogo Finnja+Francesco Sarah+Josua
1,Aurelia+Diogo Finnja+Francesco Steffi+Danilo
1,Aurelia+Diogo Finnja+Francesco Walentina+Eugen
1,Aurelia+Diogo Jacky+Salvo Jill+Jamy
1,Aurelia+Diogo Jacky+Salvo Jules+Alex
1,Aurelia+Diogo Jacky+Salvo Kathleen+Manu
1,Aurelia+Diogo Jacky+Salvo Melina+Tommy
1,Aurelia+Diogo Jacky+Salvo Sarah+Josua
1,Aurelia+Diogo Jacky+Salvo Steffi+Danilo
1,Aurelia+Diogo Jacky+Salvo Walentina+Eugen
1,Aurelia+Diogo Jill+Jamy Jules+Alex
1,Aurelia+Diogo Jill+Jamy Kathleen+Manu
1,Aurelia+Diogo Jill+Jamy Melina+Tommy
1,Aurelia+Diogo Jill+Jamy Sarah+Josua
1,Aurelia+Diogo Jill+Jamy Steffi+Danilo
1,Aurelia+Diogo Jill+Jamy Walentina+Eugen
1,Aurelia+Diogo Jules+Alex Kathleen+Manu
1,Aurelia+Diogo Jules+Alex Melina+Tommy
1,Aurelia+Diogo Jules+Alex Sarah+Josua
1,Aurelia+Diogo Jules+Alex Steffi+Danilo
1,Aurelia+Diogo Jules+Alex Walentina+Eugen
1,Aurelia+Diogo Kathleen+Manu Melina+Tommy
1,Aurelia+Diogo Kathleen+Manu Sarah+Josua
1,Aurelia+Diogo Kathleen+Manu Steffi+Danilo
1,Aurelia+Diogo Kathleen+Manu Walentina+Eugen
1,Aurelia+Diogo Melina+Tommy Sarah+Josua
1,Aurelia+Diogo Melina+Tommy Steffi+Danilo
1,Aurelia+Diogo Melina+Tommy Walentina+Eugen
1,Aurelia+Diogo Sarah+Josua Steffi+Danilo
1,Aurelia+Diogo Sarah+Josua Walentina+Eugen
1,Aurelia+Diogo Steffi+Danilo Walentina+Eugen
1,Finnja+Francesco Jacky+Salvo Jill+Jamy
1,Finnja+Francesco Jacky+Salvo Jules+Alex
1,Finnja+Francesco Jacky+Salvo Kathleen+Manu
1,Finnja+Francesco Jacky+Salvo Melina+Tommy
1,Finnja+Francesco Jacky+Salvo Sarah+Josua
1,Finnja+Francesco Jacky+Salvo Steffi+Danilo
1,Finnja+Francesco Jacky+Salvo Walentina+Eugen
1,Finnja+Francesco Jill+Jamy Jules+Alex
1,Finnja+Francesco Jill+Jamy Kathleen+Manu
1,Finnja+Francesco Jill+Jamy Melina+Tommy
1,Finnja+Francesco Jill+Jamy Sarah+Josua
1,Finnja+Francesco Jill+Jamy Steffi+Danilo
1,Finnja+Francesco Jill+Jamy Walentina+Eugen
1,Finnja+Francesco Jules+Alex Kathleen+Manu
1,Finnja+Francesco Jules+Alex Melina+Tommy
1,Finnja+Francesco Jules+Alex Sarah+Josua
1,Finnja+Francesco Jules+Alex Steffi+Danilo
1,Finnja+Francesco Jules+Alex Walentina+Eugen
1,Finnja+Francesco Kathleen+Manu Melina+Tommy
1,Finnja+Francesco Kathleen+Manu Sarah+Josua
1,Finnja+Francesco Kathleen+Manu Steffi+Danilo
1,Finnja+Francesco Kathleen+Manu Walentina+Eugen
1,Finnja+Francesco Melina+Tommy Sarah+Josua
1,Finnja+Francesco Melina+Tommy Steffi+Danilo
1,Finnja+Francesco Melina+Tommy Walentina+Eugen
1,Finnja+Francesco Sarah+Josua Steffi+Danilo
1,Finnja+Francesco Sarah+Josua Walentina+Eugen
1,Finnja+Francesco Steffi+Danilo Walentina+Eugen
1,Jacky+Salvo Jill+Jamy Jules+Alex
1,Jacky+Salvo Jill+Jamy Kathleen+Manu
1,Jacky+Salvo Jill+Jamy Melina+Tommy
1,Jacky+Salvo Jill+Jamy Sarah+Josua
1,Jacky+Salvo Jill+Jamy Steffi+Danilo
1,Jacky+Salvo Jill+Jamy Walentina+Eugen
1,Jacky+Salvo Jules+Alex Kathleen+Manu
1,Jacky+Salvo Jules+Alex Melina+Tommy
1,Jacky+Salvo Jules+Alex Sarah+Josua
1,Jacky+Salvo Jules+Alex Steffi+Danilo
1,Jacky+Salvo Jules+Alex Walentina+Eugen
1,Jacky+Salvo Kathleen+Manu Melina+Tommy
1,Jacky+Salvo Kathleen+Manu Sarah+Josua
1,Jacky+Salvo Kathleen+Manu Steffi+Danilo
1,Jacky+Salvo Kathleen+Manu Walentina+Eugen
1,Jacky+Salvo Melina+Tommy Sarah+Josua
1,Jacky+Salvo Melina+Tommy Steffi+Danilo
1,Jacky+Salvo Melina+Tommy Walentina+Eugen
1,Jacky+Salvo Sarah+Josua Steffi+Danilo
1,Jacky+Salvo Sarah+Josua Walentina+Eugen
1,Jacky+Salvo Steffi+Danilo Walentina+Eugen
1,Jill+Jamy Jules+Alex Kathleen+Manu
1,Jill+Jamy Jules+Alex Melina+Tommy
1,Jill+Jamy Jules+Alex Sarah+Josua
1,Jill+Jamy Jules+Alex Steffi+Danilo
1,Jill+Jamy Jules+Alex Walentina+Eugen
1,Jill+Jamy Kathleen+Manu Melina+Tommy
1,Jill+Jamy Kathleen+Manu Sarah+Josua
1,Jill+Jamy Kathleen+Manu Steffi+Danilo
1,Jill+Jamy Kathleen+Manu Walentina+Eugen
1,Jill+Jamy Melina+Tommy Sarah+Josua
1,Jill+Jamy Melina+Tommy Steffi+Danilo
1,Jill+Jamy Melina+Tommy Walentina+Eugen
1,Jill+Jamy Sarah+Josua Steffi+Danilo
1,Jill+Jamy Sarah+Josua Walentina+Eugen
1,Jill+Jamy Steffi+Danilo Walentina+Eugen
1,Jules+Alex Kathleen+Manu Melina+Tommy
1,Jules+Alex Kathleen+Manu Sarah+Josua
1,Jules+Alex Kathleen+Manu Steffi+Danilo
1,Jules+Alex Kathleen+Manu Walentina+Eugen
1,Jules+Alex Melina+Tommy Sarah+Josua
1,Jules+Alex Melina+Tommy Steffi+Danilo
1,Jules+Alex Melina+Tommy Walentina+Eugen
1,Jules+Alex Sarah+Josua Steffi+Danilo
1,Jules+Alex Sarah+Josua Walentina+Eugen
1,Jules+Alex Steffi+Danilo Walentina+Eugen
1,Kathleen+Manu Melina+Tommy Sarah+Josua
1,Kathleen+Manu Melina+Tommy Steffi+Danilo
1,Kathleen+Manu Melina+Tommy Walentina+Eugen
1,Kathleen+Manu Sarah+Josua Steffi+Danilo
1,Kathleen+Manu Sarah+Josua Walentina+Eugen
1,Kathleen+Manu Steffi+Danilo Walentina+Eugen
1,Melina+Tommy Sarah+Josua Steffi+Danilo
1,Melina+Tommy Sarah+Josua Walentina+Eugen
1,Melina+Tommy Steffi+Danilo Walentina+Eugen
1,Sarah+Josua Steffi+Danilo Walentina+Eugen
2,Aurelia+Diogo Finnja+Alex Jules+Francesco Sarah+Josua Steffi+Danilo
2,Aurelia+Diogo Finnja+Alex Jules+Francesco Sarah+Josua Walentina+Eugen
2,Aurelia+Diogo Finnja+Alex Jules+Francesco Steffi+Danilo Walentina+Eugen
2,Aurelia+Diogo Jacky+Salvo Jules+Francesco Sarah+Josua
2,Aurelia+Diogo Jacky+Salvo Jules+Francesco Steffi+Danilo
2,Aurelia+Diogo Jacky+Salvo Jules+Francesco Walentina+Eugen
2,Aurelia+Diogo Jill+Jamy Jules+Francesco Sarah+Josua
2,Aurelia+Diogo Jill+Jamy Jules+Francesco Steffi+Danilo
2,Aurelia+Diogo Jill+Jamy Jules+Francesco Walentina+Eugen
2,Aurelia+Diogo Jules+Francesco Kathleen+Manu Sarah+Josua
2,Aurelia+Diogo Jules+Francesco Kathleen+Manu Steffi+Danilo
2,Aurelia+Diogo Jules+Francesco Kathleen+Manu Walentina+Eugen
2,Aurelia+Diogo Jules+Francesco Melina+Tommy Sarah+Josua
2,Aurelia+Diogo Jules+Francesco Melina+Tommy Steffi+Danilo
2,Aurelia+Diogo Jules+Francesco Melina+Tommy Walentina+Eugen
2,Finnja+Alex Jacky+Salvo Jules+Francesco Sarah+Josua Steffi+Danilo
2,Finnja+Alex Jacky+Salvo Jules+Francesco Sarah+Josua Walentina+Eugen
2,Finnja+Alex Jacky+Salvo Jules+Francesco Steffi+Danilo Walentina+Eugen
2,Finnja+Alex Jill+Jamy Jules+Francesco Sarah+Josua Steffi+Danilo
2,Finnja+Alex Jill+Jamy Jules+Francesco Sarah+Josua Walentina+Eugen
2,Finnja+Alex Jill+Jamy Jules+Francesco Steffi+Danilo Walentina+Eugen
2,Finnja+Alex Jules+Francesco Kathleen+Manu Sarah+Josua Steffi+Danilo
2,Finnja+Alex Jules+Francesco Kathleen+Manu Sarah+Josua Walentina+Eugen
2,Finnja+Alex Jules+Francesco Kathleen+Manu Steffi+Danilo Walentina+Eugen
2,Finnja+Alex Jules+Francesco Melina+Tommy Sarah+Josua Steffi+Danilo
2,Finnja+Alex Jules+Francesco Melina+Tommy Sarah+Josua Walentina+Eugen
2,Finnja+Alex Jules+Francesco Melina+Tommy Steffi+Danilo Walentina+Eugen
2,Jacky+Salvo Jill+Jamy Jules+Francesco Sarah+Josua
2,Jacky+Salvo Jill+Jamy Jules+Francesco Steffi+Danilo
2,Jacky+Salvo Jill+Jamy Jules+Francesco Walentina+Eugen
2,Jacky+Salvo Jules+Francesco Kathleen+Manu Sarah+Josua
2,Jacky+Salvo Jules+Francesco Kathleen+Manu Steffi+Danilo
2,Jacky+Salvo Jules+Francesco Kathleen+Manu Walentina+Eugen
2,Jacky+Salvo Jules+Francesco Melina+Tommy Sarah+Josua
2,Jacky+Salvo Jules+Francesco Melina+Tommy Steffi+Danilo
2,Jacky+Salvo Jules+Francesco Melina+Tommy Walentina+Eugen
2,Jill+Jamy Jules+Francesco Kathleen+Manu Sarah+Josua
2,Jill+Jamy Jules+Francesco Kathleen+Manu Steffi+Danilo
2,Jill+Jamy Jules+Francesco Kathleen+Manu Walentina+Eugen
2,Jill+Jamy Jules+Francesco Melina+Tommy Sarah+Josua
2,Jill+Jamy Jules+Francesco Melina+Tommy Steffi+Danilo
2,Jill+Jamy Jules+Francesco Melina+Tommy Walentina+Eugen
2,Jules+Francesco Kathleen+Manu Melina+Tommy Sarah+Josua
2,Jules+Francesco Kathleen+Manu Melina+Tommy Steffi+Danilo
2,Jules+Francesco Kathleen+Manu Melina+Tommy Walentina+Eugen
3,Aurelia+Diogo Finnja+Alex Jill+Tommy Jules+Francesco Sarah+Josua Steffi+Danilo
3,Aurelia+Diogo Finnja+Alex Jill+Tommy Jules+Francesco Sarah+Josua Walentina+Eugen
3,Aurelia+Diogo Finnja+Alex Jill+Tommy Jules+Francesco Steffi+Danilo Vanessa+Jamy Walentina+Eugen
3,Aurelia+Diogo Finnja+Alex Jules+Francesco Melina+Danilo Sarah+Josua Walentina+Eugen
3,Aurelia+Diogo Finnja+Alex Jules+Francesco Sarah+Josua Steffi+Danilo Vanessa+Jamy
3,Aurelia+Diogo Finnja+Alex Jules+Francesco Sarah+Josua Steffi+Danilo Walentina+Salvo
3,Aurelia+Diogo Finnja+Alex Jules+Francesco Sarah+Josua Vanessa+Jamy Walentina+Eugen
3,Aurelia+Diogo Finnja+Eugen Jacky+Salvo Jill+Tommy Jules+Francesco Steffi+Danilo
3,Aurelia+Diogo Finnja+Eugen Jacky+Salvo Jules+Francesco Sarah+Josua
3,Aurelia+Diogo Finnja+Eugen Jacky+Salvo Jules+Francesco Steffi+Danilo Vanessa+Jamy
3,Aurelia+Diogo Finnja+Eugen Jill+Jamy Jules+Francesco Sarah+Josua
3,Aurelia+Diogo Finnja+Eugen Jill+Jamy Jules+Francesco Steffi+Danilo Vanessa+Jamy
3,Aurelia+Diogo Finnja+Eugen Jill+Jamy Jules+Francesco Steffi+Danilo Walentina+Salvo
3,Aurelia+Diogo Finnja+Eugen Jules+Francesco Kathleen+Manu Steffi+Danilo
3,Aurelia+Diogo Finnja+Eugen Jules+Francesco Melina+Tommy Sarah+Josua
3,Aurelia+Diogo Finnja+Eugen Jules+Francesco Melina+Tommy Steffi+Danilo Vanessa+Jamy
3,Aurelia+Diogo Finnja+Eugen Jules+Francesco Melina+Tommy Steffi+Danilo Walentina+Salvo
3,Aurelia+Diogo Jacky+Salvo Jill+Tommy Jules+Francesco Melina+Danilo Walentina+Eugen
3,Aurelia+Diogo Jacky+Salvo Jill+Tommy Jules+Francesco Sarah+Josua
3,Aurelia+Diogo Jacky+Salvo Jill+Tommy Jules+Francesco Steffi+Alex Walentina+Eugen
3,Aurelia+Diogo Jacky+Salvo Jill+Tommy Jules+Francesco Steffi+Danilo Vanessa+Jamy
3,Aurelia+Diogo Jacky+Salvo Jill+Tommy Jules+Francesco Vanessa+Jamy Walentina+Eugen
3,Aurelia+Diogo Jacky+Salvo Jules+Francesco Melina+Danilo Sarah+Josua
3,Aurelia+Diogo Jacky+Salvo Jules+Francesco Melina+Danilo Steffi+Alex Walentina+Eugen
3,Aurelia+Diogo Jacky+Salvo Jules+Francesco Melina+Danilo Vanessa+Jamy Walentina+Eugen
3,Aurelia+Diogo Jacky+Salvo Jules+Francesco Sarah+Josua Steffi+Alex
3,Aurelia+Diogo Jacky+Salvo Jules+Francesco Sarah+Josua Vanessa+Jamy
3,Aurelia+Diogo Jacky+Salvo Jules+Francesco Steffi+Alex Vanessa+Jamy Walentina+Eugen
3,Aurelia+Diogo Jill+Jamy Jules+Francesco Melina+Danilo Sarah+Josua
3,Aurelia+Diogo Jill+Jamy Jules+Francesco Melina+Danilo Steffi+Alex Walentina+Eugen
3,Aurelia+Diogo Jill+Jamy Jules+Francesco Melina+Danilo Vanessa+Jamy Walentina+Eugen
3,Aurelia+Diogo Jill+Jamy Jules+Francesco Sarah+Josua Steffi+Alex
3,Aurelia+Diogo Jill+Jamy Jules+Francesco Sarah+Josua Vanessa+Jamy
3,Aurelia+Diogo Jill+Jamy Jules+Francesco Sarah+Josua Walentina+Salvo
3,Aurelia+Diogo Jill+Jamy Jules+Francesco Steffi+Alex Vanessa+Jamy Walentina+Eugen
3,Aurelia+Diogo Jill+Jamy Jules+Francesco Steffi+Danilo Vanessa+Jamy Walentina+Salvo
3,Aurelia+Diogo Jill+Tommy Jules+Francesco Kathleen+Manu Steffi+Danilo
3,Aurelia+Diogo Jill+Tommy Jules+Francesco Kathleen+Manu Walentina+Eugen
3,Aurelia+Diogo Jules+Francesco Kathleen+Manu Melina+Danilo Walentina+Eugen
3,Aurelia+Diogo Jules+Francesco Kathleen+Manu Sarah+Josua
3,Aurelia+Diogo Jules+Francesco Kathleen+Manu Steffi+Alex Walentina+Eugen
3,Aurelia+Diogo Jules+Francesco Kathleen+Manu Steffi+Danilo Vanessa+Jamy
3,Aurelia+Diogo Jules+Francesco Kathleen+Manu Steffi+Danilo Walentina+Salvo
3,Aurelia+Diogo Jules+Francesco Kathleen+Manu Vanessa+Jamy Walentina+Eugen
3,Aurelia+Diogo Jules+Francesco Melina+Tommy Sarah+Josua Steffi+Alex
3,Aurelia+Diogo Jules+Francesco Melina+Tommy Sarah+Josua Vanessa+Jamy
3,Aurelia+Diogo Jules+Francesco Melina+Tommy Sarah+Josua Walentina+Salvo
3,Aurelia+Diogo Jules+Francesco Melina+Tommy Steffi+Alex Vanessa+Jamy Walentina+Eugen
3,Aurelia+Diogo Jules+Francesco Melina+Tommy Steffi+Danilo Vanessa+Jamy Walentina+Salvo
3,Finnja+Alex Jacky+Salvo Jill+Tommy Jules+Francesco Melina+Danilo Sarah+Josua Walentina+Eugen
3,Finnja+Alex Jacky+Salvo Jill+Tommy Jules+Francesco Sarah+Josua Steffi+Danilo Vanessa+Jamy
3,Finnja+Alex Jacky+Salvo Jill+Tommy Jules+Francesco Sarah+Josua Vanessa+Jamy Walentina+Eugen
3,Finnja+Alex Jacky+Salvo Jules+Francesco Melina+Danilo Sarah+Josua Vanessa+Jamy Walentina+Eugen
3,Finnja+Alex Jill+Jamy Jules+Francesco Melina+Danilo Sarah+Josua Vanessa+Jamy Walentina+Eugen
3,Finnja+Alex Jill+Jamy Jules+Francesco Sarah+Josua Steffi+Danilo Vanessa+Jamy Walentina+Salvo
3,Finnja+Alex Jill+Tommy Jules+Francesco Kathleen+Manu Sarah+Josua Steffi+Danilo
3,Finnja+Alex Jill+Tommy Jules+Francesco Kathleen+Manu Sarah+Josua Walentina+Eugen
3,Finnja+Alex Jill+Tommy Jules+Francesco Kathleen+Manu Steffi+Danilo Vanessa+Jamy Walentina+Eugen
3,Finnja+Alex Jules+Francesco Kathleen+Manu Melina+Danilo Sarah+Josua Walentina+Eugen
3,Finnja+Alex Jules+Francesco Kathleen+Manu Sarah+Josua Steffi+Danilo Vanessa+Jamy
3,Finnja+Alex Jules+Francesco Kathleen+Manu Sarah+Josua Steffi+Danilo Walentina+Salvo
3,Finnja+Alex Jules+Francesco Kathleen+Manu Sarah+Josua Vanessa+Jamy Walentina+Eugen
3,Finnja+Alex Jules+Francesco Melina+Tommy Sarah+Josua Steffi+Danilo Vanessa+Jamy Walentina+Salvo
3,Finnja+Eugen Jacky+Salvo Jill+Jamy Jules+Francesco Melina+Danilo Sarah+Josua
3,Finnja+Eugen Jacky+Salvo Jill+Jamy Jules+Francesco Sarah+Josua Steffi+Alex
3,Finnja+Eugen Jacky+Salvo Jill+Jamy Jules+Francesco Sarah+Josua Vanessa+Jamy
3,Finnja+Eugen Jacky+Salvo Jill+Tommy Jules+Francesco Kathleen+Manu Steffi+Danilo
3,Finnja+Eugen Jacky+Salvo Jules+Francesco Kathleen+Manu Sarah+Josua
3,Finnja+Eugen Jacky+Salvo Jules+Francesco Kathleen+Manu Steffi+Danilo Vanessa+Jamy
3,Finnja+Eugen Jacky+Salvo Jules+Francesco Melina+Tommy Sarah+Josua Steffi+Alex
3,Finnja+Eugen Jacky+Salvo Jules+Francesco Melina+Tommy Sarah+Josua Vanessa+Jamy
3,Finnja+Eugen Jill+Jamy Jules+Francesco Kathleen+Manu Sarah+Josua
3,Finnja+Eugen Jill+Jamy Jules+Francesco Kathleen+Manu Steffi+Danilo Vanessa+Jamy
3,Finnja+Eugen Jill+Jamy Jules+Francesco Kathleen+Manu Steffi+Danilo Walentina+Salvo
3,Finnja+Eugen Jill+Jamy Jules+Francesco Melina+Tommy Sarah+Josua Steffi+Alex
3,Finnja+Eugen Jill+Jamy Jules+Francesco Melina+Tommy Sarah+Josua Vanessa+Jamy
3,Finnja+Eugen Jill+Jamy Jules+Francesco Melina+Tommy Sarah+Josua Walentina+Salvo
3,Finnja+Eugen Jill+Jamy Jules+Francesco Melina+Tommy Steffi+Danilo Vanessa+Jamy Walentina+Salvo
3,Finnja+Eugen Jules+Francesco Kathleen+Manu Melina+Tommy Sarah+Josua
3,Finnja+Eugen Jules+Francesco Kathleen+Manu Melina+Tommy Steffi+Danilo Vanessa+Jamy
3,Finnja+Eugen Jules+Francesco Kathleen+Manu Melina+Tommy Steffi+Danilo Walentina+Salvo
3,Jacky+Salvo Jill+Jamy Jules+Francesco Melina+Danilo Sarah+Josua Steffi+Alex
3,Jacky+Salvo Jill+Jamy Jules+Francesco Melina+Danilo Sarah+Josua Vanessa+Jamy
3,Jacky+Salvo Jill+Jamy Jules+Francesco Melina+Danilo Steffi+Alex Vanessa+Jamy Walentina+Eugen
3,Jacky+Salvo Jill+Jamy Jules+Francesco Sarah+Josua Steffi+Alex Vanessa+Jamy
3,Jacky+Salvo Jill+Tommy Jules+Francesco Kathleen+Manu Melina+Danilo Walentina+Eugen
3,Jacky+Salvo Jill+Tommy Jules+Francesco Kathleen+Manu Sarah+Josua
3,Jacky+Salvo Jill+Tommy Jules+Francesco Kathleen+Manu Steffi+Alex Walentina+Eugen
3,Jacky+Salvo Jill+Tommy Jules+Francesco Kathleen+Manu Steffi+Danilo Vanessa+Jamy
3,Jacky+Salvo Jill+Tommy Jules+Francesco Kathleen+Manu Vanessa+Jamy Walentina+Eugen
3,Jacky+Salvo Jules+Francesco Kathleen+Manu Melina+Danilo Sarah+Josua
3,Jacky+Salvo Jules+Francesco Kathleen+Manu Melina+Danilo Steffi+Alex Walentina+Eugen
3,Jacky+Salvo Jules+Francesco Kathleen+Manu Melina+Danilo Vanessa+Jamy Walentina+Eugen
3,Jacky+Salvo Jules+Francesco Kathleen+Manu Sarah+Josua Steffi+Alex
3,Jacky+Salvo Jules+Francesco Kathleen+Manu Sarah+Josua Vanessa+Jamy
3,Jacky+Salvo Jules+Francesco Kathleen+Manu Steffi+Alex Vanessa+Jamy Walentina+Eugen
3,Jacky+Salvo Jules+Francesco Melina+Tommy Sarah+Josua Steffi+Alex Vanessa+Jamy
3,Jill+Jamy Jules+Francesco Kathleen+Manu Melina+Danilo Sarah+Josua
3,Jill+Jamy Jules+Francesco Kathleen+Manu Melina+Danilo Steffi+Alex Walentina+Eugen
3,Jill+Jamy Jules+Francesco Kathleen+Manu Melina+Danilo Vanessa+Jamy Walentina+Eugen
3,Jill+Jamy Jules+Francesco Kathleen+Manu Sarah+Josua Steffi+Alex
3,Jill+Jamy Jules+Francesco Kathleen+Manu Sarah+Josua Vanessa+Jamy
3,Jill+Jamy Jules+Francesco Kathleen+Manu Sarah+Josua Walentina+Salvo
3,Jill+Jamy Jules+Francesco Kathleen+Manu Steffi+Alex Vanessa+Jamy Walentina+Eugen
3,Jill+Jamy Jules+Francesco Kathleen+Manu Steffi+Danilo Vanessa+Jamy Walentina+Salvo
3,Jill+Jamy Jules+Francesco Melina+Tommy Sarah+Josua Steffi+Alex Vanessa+Jamy
3,Jill+Jamy Jules+Francesco Melina+Tommy Sarah+Josua Steffi+Alex Walentina+Salvo
3,Jill+Jamy Jules+Francesco Melina+Tommy Sarah+Josua Vanessa+Jamy Walentina+Salvo
3,Jules+Francesco Kathleen+Manu Melina+Tommy Sarah+Josua Steffi+Alex
3,Jules+Francesco Kathleen+Manu Melina+Tommy Sarah+Josua Vanessa+Jamy
3,Jules+Francesco Kathleen+Manu Melina+Tommy Sarah+Josua Walentina+Salvo
3,Jules+Francesco Kathleen+Manu Melina+Tommy Steffi+Alex Vanessa+Jamy Walentina+Eugen
3,Jules+Francesco Kathleen+Manu Melina+Tommy Steffi+Danilo Vanessa+Jamy Walentina+Salvo
4,Aurelia+Danilo Finnja+Alex Jacky+Salvo Jill+Tommy Jules+Francesco Sarah+Josua Steffi+Jamy Vanessa+Jamy Walentina+Eugen
4,Aurelia+Danilo Finnja+Alex Jill+Tommy Jules+Francesco Kathleen+Manu Sarah+Josua Steffi+Jamy Walentina+Eugen
4,Aurelia+Danilo Finnja+Alex Jill+Tommy Jules+Francesco Kathleen+Manu Sarah+Josua Vanessa+Diogo Walentina+Eugen
4,Aurelia+Danilo Finnja+Alex Jules+Francesco Kathleen+Manu Sarah+Josua Steffi+Jamy Vanessa+Jamy Walentina+Eugen
4,Aurelia+Danilo Finnja+Eugen Jacky+Salvo Jill+Jamy Jules+Francesco Sarah+Josua Steffi+Alex
4,Aurelia+Danilo Finnja+Eugen Jacky+Salvo Jill+Jamy Jules+Francesco Sarah+Josua Vanessa+Jamy
4,Aurelia+Danilo Finnja+Eugen Jacky+Salvo Jules+Francesco Kathleen+Manu Sarah+Josua
4,Aurelia+Danilo Finnja+Eugen Jill+Jamy Jules+Francesco Kathleen+Manu Sarah+Josua
4,Aurelia+Danilo Jacky+Salvo Jill+Tommy Jules+Francesco Kathleen+Manu Sarah+Alex Vanessa+Jamy Walentina+Eugen
4,Aurelia+Danilo Jacky+Salvo Jill+Tommy Jules+Francesco Kathleen+Manu Sarah+Josua Steffi+Jamy
4,Aurelia+Danilo Jacky+Salvo Jill+Tommy Jules+Francesco Kathleen+Manu Sarah+Josua Vanessa+Diogo
4,Aurelia+Danilo Jacky+Salvo Jill+Tommy Jules+Francesco Kathleen+Manu Steffi+Alex Vanessa+Diogo Walentina+Eugen
4,Aurelia+Danilo Jacky+Salvo Jill+Tommy Jules+Francesco Kathleen+Manu Steffi+Jamy Vanessa+Jamy Walentina+Eugen
4,Aurelia+Danilo Jacky+Salvo Jules+Francesco Kathleen+Manu Sarah+Josua Steffi+Alex Vanessa+Diogo
4,Aurelia+Danilo Jacky+Salvo Jules+Francesco Kathleen+Manu Sarah+Josua Steffi+Jamy Vanessa+Jamy
4,Aurelia+Danilo Jacky+Salvo Jules+Francesco Melina+Tommy Sarah+Josua Steffi+Alex Vanessa+Jamy
4,Aurelia+Danilo Jill+Jamy Jules+Francesco Kathleen+Manu Sarah+Josua Steffi+Alex Vanessa+Diogo
4,Aurelia+Danilo Jill+Jamy Jules+Francesco Kathleen+Manu Sarah+Josua Vanessa+Diogo Walentina+Salvo
4,Aurelia+Danilo Jill+Jamy Jules+Francesco Melina+Tommy Sarah+Josua Steffi+Alex Vanessa+Jamy
4,Aurelia+Danilo Jill+Jamy Jules+Francesco Melina+Tommy Sarah+Josua Steffi+Alex Walentina+Salvo
4,Aurelia+Danilo Jill+Jamy Jules+Francesco Melina+Tommy Sarah+Josua Vanessa+Jamy Walentina+Salvo
4,Aurelia+Danilo Jules+Francesco Kathleen+Manu Melina+Tommy Sarah+Josua Steffi+Alex
4,Aurelia+Danilo Jules+Francesco Kathleen+Manu Melina+Tommy Sarah+Josua Vanessa+Jamy
4,Aurelia+Danilo Jules+Francesco Kathleen+Manu Melina+Tommy Sarah+Josua Walentina+Salvo
4,Aurelia+Danilo Jules+Francesco Kathleen+Manu Melina+Tommy Steffi+Alex Vanessa+Jamy Walentina+Eugen
4,Aurelia+Diogo Finnja+Alex Jill+Manu Jules+Francesco Kathleen+Salvo Melina+Danilo Sarah+Josua Walentina+Eugen
4,Aurelia+Diogo Finnja+Alex Jill+Manu Jules+Francesco Kathleen+Salvo Sarah+Josua Steffi+Danilo Vanessa+Jamy
4,Aurelia+Diogo Finnja+Alex Jill+Manu Jules+Francesco Kathleen+Salvo Sarah+Josua Vanessa+Jamy Walentina+Eugen
4,Aurelia+Diogo Finnja+Alex Jill+Manu Jules+Francesco Melina+Danilo Sarah+Josua Steffi+Jamy Walentina+Eugen
4,Aurelia+Diogo Finnja+Alex Jill+Manu Jules+Francesco Melina+Danilo Sarah+Josua Vanessa+Diogo Walentina+Eugen
4,Aurelia+Diogo Finnja+Alex Jill+Manu Jules+Francesco Sarah+Josua Steffi+Danilo Vanessa+Diogo Walentina+Salvo
4,Aurelia+Diogo Finnja+Alex Jill+Manu Jules+Francesco Sarah+Josua Steffi+Jamy Vanessa+Jamy Walentina+Eugen
4,Aurelia+Diogo Finnja+Alex Jill+Tommy Jules+Francesco Kathleen+Salvo Sarah+Josua Steffi+Danilo Vanessa+Diogo
4,Aurelia+Diogo Finnja+Alex Jill+Tommy Jules+Francesco Kathleen+Salvo Sarah+Josua Steffi+Jamy Walentina+Eugen
4,Aurelia+Diogo Finnja+Alex Jill+Tommy Jules+Francesco Kathleen+Salvo Sarah+Josua Vanessa+Diogo Walentina+Eugen
4,Aurelia+Diogo Finnja+Alex Jill+Tommy Jules+Francesco Sarah+Josua Steffi+Jamy Vanessa+Diogo Walentina+Eugen
4,Aurelia+Diogo Finnja+Alex Jules+Francesco Kathleen+Salvo Melina+Danilo Sarah+Josua Steffi+Jamy Walentina+Eugen
4,Aurelia+Diogo Finnja+Alex Jules+Francesco Kathleen+Salvo Melina+Danilo Sarah+Josua Vanessa+Diogo Walentina+Eugen
4,Aurelia+Diogo Finnja+Alex Jules+Francesco Kathleen+Salvo Sarah+Josua Steffi+Jamy Vanessa+Jamy Walentina+Eugen
4,Aurelia+Diogo Finnja+Alex Jules+Francesco Melina+Danilo Sarah+Josua Steffi+Jamy Vanessa+Diogo Walentina+Eugen
4,Aurelia+Diogo Finnja+Eugen Jacky+Salvo Jill+Manu Jules+Francesco Sarah+Josua
4,Aurelia+Diogo Finnja+Eugen Jacky+Salvo Jill+Manu Jules+Francesco Steffi+Danilo Vanessa+Jamy
4,Aurelia+Diogo Finnja+Eugen Jacky+Salvo Jill+Tommy Jules+Francesco Sarah+Alex Steffi+Danilo
4,Aurelia+Diogo Finnja+Eugen Jacky+Salvo Jill+Tommy Jules+Francesco Steffi+Danilo Vanessa+Diogo
4,Aurelia+Diogo Finnja+Eugen Jacky+Salvo Jules+Francesco Sarah+Alex Steffi+Danilo Vanessa+Jamy
4,Aurelia+Diogo Finnja+Eugen Jacky+Salvo Jules+Francesco Sarah+Josua Steffi+Jamy
4,Aurelia+Diogo Finnja+Eugen Jacky+Salvo Jules+Francesco Sarah+Josua Vanessa+Diogo
4,Aurelia+Diogo Finnja+Eugen Jill+Jamy Jules+Francesco Kathleen+Salvo Sarah+Josua
4,Aurelia+Diogo Finnja+Eugen Jill+Jamy Jules+Francesco Kathleen+Salvo Steffi+Danilo Vanessa+Jamy
4,Aurelia+Diogo Finnja+Eugen Jill+Jamy Jules+Francesco Sarah+Alex Steffi+Danilo Vanessa+Jamy
4,Aurelia+Diogo Finnja+Eugen Jill+Jamy Jules+Francesco Sarah+Alex Steffi+Danilo Walentina+Salvo
4,Aurelia+Diogo Finnja+Eugen Jill+Jamy Jules+Francesco Sarah+Josua Vanessa+Diogo
4,Aurelia+Diogo Finnja+Eugen Jill+Jamy Jules+Francesco Steffi+Danilo Vanessa+Diogo Walentina+Salvo
4,Aurelia+Diogo Finnja+Eugen Jules+Francesco Kathleen+Manu Sarah+Alex Steffi+Danilo
4,Aurelia+Diogo Finnja+Eugen Jules+Francesco Kathleen+Manu Steffi+Danilo Vanessa+Diogo
4,Aurelia+Diogo Finnja+Eugen Jules+Francesco Melina+Tommy Sarah+Josua
4,Aurelia+Diogo Finnja+Eugen Jules+Francesco Melina+Tommy Steffi+Danilo Vanessa+Jamy
4,Aurelia+Diogo Finnja+Eugen Jules+Francesco Melina+Tommy Steffi+Danilo Walentina+Salvo
4,Aurelia+Diogo Jacky+Salvo Jill+Manu Jules+Francesco Melina+Danilo Sarah+Alex Vanessa+Jamy Walentina+Eugen
4,Aurelia+Diogo Jacky+Salvo Jill+Manu Jules+Francesco Melina+Danilo Sarah+Josua Steffi+Jamy
4,Aurelia+Diogo Jacky+Salvo Jill+Manu Jules+Francesco Melina+Danilo Sarah+Josua Vanessa+Diogo
4,Aurelia+Diogo Jacky+Salvo Jill+Manu Jules+Francesco Melina+Danilo Steffi+Alex Vanessa+Diogo Walentina+Eugen
4,Aurelia+Diogo Jacky+Salvo Jill+Manu Jules+Francesco Melina+Danilo Steffi+Jamy Vanessa+Jamy Walentina+Eugen
4,Aurelia+Diogo Jacky+Salvo Jill+Manu Jules+Francesco Sarah+Josua Steffi+Alex Vanessa+Diogo
4,Aurelia+Diogo Jacky+Salvo Jill+Manu Jules+Francesco Sarah+Josua Steffi+Jamy Vanessa+Jamy
4,Aurelia+Diogo Jacky+Salvo Jill+Tommy Jules+Francesco Melina+Danilo Sarah+Alex Steffi+Jamy Walentina+Eugen
4,Aurelia+Diogo Jacky+Salvo Jill+Tommy Jules+Francesco Melina+Danilo Sarah+Alex Vanessa+Diogo Walentina+Eugen
4,Aurelia+Diogo Jacky+Salvo Jill+Tommy Jules+Francesco Melina+Danilo Steffi+Jamy Vanessa+Diogo Walentina+Eugen
4,Aurelia+Diogo Jacky+Salvo Jill+Tommy Jules+Francesco Sarah+Alex Steffi+Jamy Vanessa+Jamy Walentina+Eugen
4,Aurelia+Diogo Jacky+Salvo Jill+Tommy Jules+Francesco Sarah+Josua Steffi+Jamy Vanessa+Diogo
4,Aurelia+Diogo Jacky+Salvo Jules+Francesco Melina+Danilo Sarah+Alex Steffi+Jamy Vanessa+Jamy Walentina+Eugen
4,Aurelia+Diogo Jacky+Salvo Jules+Francesco Melina+Danilo Sarah+Josua Steffi+Jamy Vanessa+Diogo
4,Aurelia+Diogo Jill+Jamy Jules+Francesco Kathleen+Salvo Melina+Danilo Sarah+Alex Vanessa+Jamy Walentina+Eugen
4,Aurelia+Diogo Jill+Jamy Jules+Francesco Kathleen+Salvo Melina+Danilo Sarah+Josua Vanessa+Diogo
4,Aurelia+Diogo Jill+Jamy Jules+Francesco Kathleen+Salvo Melina+Danilo Steffi+Alex Vanessa+Diogo Walentina+Eugen
4,Aurelia+Diogo Jill+Jamy Jules+Francesco Kathleen+Salvo Sarah+Josua Steffi+Alex Vanessa+Diogo
4,Aurelia+Diogo Jill+Manu Jules+Francesco Melina+Tommy Sarah+Josua Steffi+Alex
4,Aurelia+Diogo Jill+Manu Jules+Francesco Melina+Tommy Sarah+Josua Vanessa+Jamy
4,Aurelia+Diogo Jill+Manu Jules+Francesco Melina+Tommy Sarah+Josua Walentina+Salvo
4,Aurelia+Diogo Jill+Manu Jules+Francesco Melina+Tommy Steffi+Alex Vanessa+Jamy Walentina+Eugen
4,Aurelia+Diogo Jill+Manu Jules+Francesco Melina+Tommy Steffi+Danilo Vanessa+Jamy Walentina+Salvo
4,Aurelia+Diogo Jill+Tommy Jules+Francesco Kathleen+Manu Sarah+Alex Steffi+Danilo Vanessa+Diogo
4,Aurelia+Diogo Jill+Tommy Jules+Francesco Kathleen+Manu Sarah+Alex Steffi+Jamy Walentina+Eugen
4,Aurelia+Diogo Jill+Tommy Jules+Francesco Kathleen+Manu Sarah+Alex Vanessa+Diogo Walentina+Eugen
4,Aurelia+Diogo Jill+Tommy Jules+Francesco Kathleen+Manu Steffi+Jamy Vanessa+Diogo Walentina+Eugen
4,Aurelia+Diogo Jules+Francesco Kathleen+Manu Melina+Danilo Sarah+Alex Steffi+Jamy Walentina+Eugen
4,Aurelia+Diogo Jules+Francesco Kathleen+Manu Melina+Danilo Sarah+Alex Vanessa+Diogo Walentina+Eugen
4,Aurelia+Diogo Jules+Francesco Kathleen+Manu Melina+Danilo Steffi+Jamy Vanessa+Diogo Walentina+Eugen
4,Aurelia+Diogo Jules+Francesco Kathleen+Manu Sarah+Alex Steffi+Danilo Vanessa+Diogo Walentina+Salvo
4,Aurelia+Diogo Jules+Francesco Kathleen+Manu Sarah+Alex Steffi+Jamy Vanessa+Jamy Walentina+Eugen
4,Aurelia+Diogo Jules+Francesco Kathleen+Manu Sarah+Josua Steffi+Jamy Vanessa+Diogo
4,Aurelia+Diogo Jules+Francesco Kathleen+Salvo Melina+Tommy Sarah+Josua Steffi+Alex
4,Aurelia+Diogo Jules+Francesco Kathleen+Salvo Melina+Tommy Sarah+Josua Vanessa+Jamy
4,Aurelia+Diogo Jules+Francesco Kathleen+Salvo Melina+Tommy Steffi+Alex Vanessa+Jamy Walentina+Eugen
4,Aurelia+Diogo Jules+Francesco Melina+Tommy Sarah+Alex Steffi+Danilo Vanessa+Jamy Walentina+Salvo
4,Aurelia+Diogo Jules+Francesco Melina+Tommy Sarah+Josua Steffi+Alex Vanessa+Diogo
4,Aurelia+Diogo Jules+Francesco Melina+Tommy Sarah+Josua Steffi+Jamy Vanessa+Jamy
4,Aurelia+Diogo Jules+Francesco Melina+Tommy Sarah+Josua Steffi+Jamy Walentina+Salvo
4,Aurelia+Diogo Jules+Francesco Melina+Tommy Sarah+Josua Vanessa+Diogo Walentina+Salvo
4,Finnja+Alex Jacky+Salvo Jill+Manu Jules+Francesco Melina+Danilo Sarah+Josua Steffi+Jamy Vanessa+Jamy Walentina+Eugen
4,Finnja+Alex Jacky+Salvo Jill+Tommy Jules+Francesco Melina+Danilo Sarah+Josua Steffi+Jamy Vanessa+Diogo Walentina+Eugen
4,Finnja+Alex Jill+Manu Jules+Francesco Melina+Tommy Sarah+Josua Steffi+Danilo Vanessa+Jamy Walentina+Salvo
4,Finnja+Alex Jill+Tommy Jules+Francesco Kathleen+Manu Sarah+Josua Steffi+Jamy Vanessa+Diogo Walentina+Eugen
4,Finnja+Alex Jules+Francesco Kathleen+Manu Melina+Danilo Sarah+Josua Steffi+Jamy Vanessa+Diogo Walentina+Eugen
4,Finnja+Eugen Jacky+Salvo Jill+Jamy Jules+Francesco Melina+Danilo Sarah+Josua Vanessa+Diogo
4,Finnja+Eugen Jacky+Salvo Jill+Jamy Jules+Francesco Sarah+Josua Steffi+Alex Vanessa+Diogo
4,Finnja+Eugen Jacky+Salvo Jill+Tommy Jules+Francesco Kathleen+Manu Sarah+Alex Steffi+Danilo
4,Finnja+Eugen Jacky+Salvo Jill+Tommy Jules+Francesco Kathleen+Manu Steffi+Danilo Vanessa+Diogo
4,Finnja+Eugen Jacky+Salvo Jules+Francesco Kathleen+Manu Sarah+Alex Steffi+Danilo Vanessa+Jamy
4,Finnja+Eugen Jacky+Salvo Jules+Francesco Kathleen+Manu Sarah+Josua Steffi+Jamy
4,Finnja+Eugen Jacky+Salvo Jules+Francesco Kathleen+Manu Sarah+Josua Vanessa+Diogo
4,Finnja+Eugen Jacky+Salvo Jules+Francesco Melina+Tommy Sarah+Josua Steffi+Alex
4,Finnja+Eugen Jacky+Salvo Jules+Francesco Melina+Tommy Sarah+Josua Vanessa+Jamy
4,Finnja+Eugen Jill+Jamy Jules+Francesco Kathleen+Manu Sarah+Alex Steffi+Danilo Vanessa+Jamy
4,Finnja+Eugen Jill+Jamy Jules+Francesco Kathleen+Manu Sarah+Alex Steffi+Danilo Walentina+Salvo
4,Finnja+Eugen Jill+Jamy Jules+Francesco Kathleen+Manu Sarah+Josua Vanessa+Diogo
4,Finnja+Eugen Jill+Jamy Jules+Francesco Kathleen+Manu Steffi+Danilo Vanessa+Diogo Walentina+Salvo
4,Finnja+Eugen Jill+Jamy Jules+Francesco Melina+Tommy Sarah+Josua Steffi+Alex
4,Finnja+Eugen Jill+Jamy Jules+Francesco Melina+Tommy Sarah+Josua Vanessa+Jamy
4,Finnja+Eugen Jill+Jamy Jules+Francesco Melina+Tommy Sarah+Josua Walentina+Salvo
4,Finnja+Eugen Jill+Jamy Jules+Francesco Melina+Tommy Steffi+Danilo Vanessa+Jamy Walentina+Salvo
4,Finnja+Eugen Jules+Francesco Kathleen+Manu Melina+Tommy Sarah+Josua
4,Finnja+Eugen Jules+Francesco Kathleen+Manu Melina+Tommy Steffi+Danilo Vanessa+Jamy
4,Finnja+Eugen Jules+Francesco Kathleen+Manu Melina+Tommy Steffi+Danilo Walentina+Salvo
4,Jacky+Salvo Jill+Manu Jules+Francesco Melina+Tommy Sarah+Josua Steffi+Alex Vanessa+Jamy
4,Jacky+Salvo Jill+Tommy Jules+Francesco Kathleen+Manu Melina+Danilo Sarah+Alex Steffi+Jamy Walentina+Eugen
4,Jacky+Salvo Jill+Tommy Jules+Francesco Kathleen+Manu Melina+Danilo Sarah+Alex Vanessa+Diogo Walentina+Eugen
4,Jacky+Salvo Jill+Tommy Jules+Francesco Kathleen+Manu Melina+Danilo Steffi+Jamy Vanessa+Diogo Walentina+Eugen
4,Jacky+Salvo Jill+Tommy Jules+Francesco Kathleen+Manu Sarah+Alex Steffi+Jamy Vanessa+Jamy Walentina+Eugen
4,Jacky+Salvo Jill+Tommy Jules+Francesco Kathleen+Manu Sarah+Josua Steffi+Jamy Vanessa+Diogo
4,Jacky+Salvo Jules+Francesco Kathleen+Manu Melina+Danilo Sarah+Alex Steffi+Jamy Vanessa+Jamy Walentina+Eugen
4,Jacky+Salvo Jules+Francesco Kathleen+Manu Melina+Danilo Sarah+Josua Steffi+Jamy Vanessa+Diogo
4,Jill+Jamy Jules+Francesco Kathleen+Salvo Melina+Tommy Sarah+Josua Steffi+Alex Vanessa+Jamy
4,Jill+Jamy Jules+Francesco Melina+Tommy Sarah+Josua Steffi+Alex Vanessa+Diogo Walentina+Salvo
4,Jules+Francesco Kathleen+Manu Melina+Tommy Sarah+Alex Steffi+Danilo Vanessa+Jamy Walentina+Salvo
4,Jules+Francesco Kathleen+Manu Melina+Tommy Sarah+Josua Steffi+Alex Vanessa+Diogo
4,Jules+Francesco Kathleen+Manu Melina+Tommy Sarah+Josua Steffi+Jamy Vanessa+Jamy
4,Jules+Francesco Kathleen+Manu Melina+Tommy Sarah+Josua Steffi+Jamy Walentina+Salvo
4,Jules+Francesco Kathleen+Manu Melina+Tommy Sarah+Josua Vanessa+Diogo Walentina+Salvo
5,Aurelia+Danilo Finnja+Eugen Jacky+Salvo Jill+Jamy Jules+Francesco Sarah+Josua Vanessa+Jamy
5,Aurelia+Danilo Finnja+Eugen Jill+Jamy Jules+Francesco Kathleen+Manu Sarah+Josua
5,Aurelia+Danilo Jacky+Salvo Jill+Tommy Jules+Francesco Kathleen+Manu Sarah+Alex Vanessa+Jamy Walentina+Eugen
5,Aurelia+Danilo Jacky+Salvo Jill+Tommy Jules+Francesco Kathleen+Manu Sarah+Josua Steffi+Jamy
5,Aurelia+Danilo Jacky+Salvo Jill+Tommy Jules+Francesco Kathleen+Manu Sarah+Josua Vanessa+Diogo
5,Aurelia+Danilo Jacky+Salvo Jill+Tommy Jules+Francesco Kathleen+Manu Steffi+Jamy Vanessa+Jamy Walentina+Eugen
5,Aurelia+Danilo Jacky+Salvo Jules+Francesco Kathleen+Manu Sarah+Josua Steffi+Jamy Vanessa+Jamy
5,Aurelia+Danilo Jill+Jamy Jules+Francesco Kathleen+Manu Sarah+Josua Steffi+Alex Vanessa+Diogo
5,Aurelia+Danilo Jill+Jamy Jules+Francesco Melina+Tommy Sarah+Josua Steffi+Alex Vanessa+Jamy
5,Aurelia+Danilo Jill+Jamy Jules+Francesco Melina+Tommy Sarah+Josua Steffi+Alex Walentina+Salvo
5,Aurelia+Danilo Jules+Francesco Kathleen+Manu Melina+Tommy Sarah+Josua Vanessa+Jamy
5,Aurelia+Danilo Jules+Francesco Kathleen+Manu Melina+Tommy Sarah+Josua Walentina+Salvo
5,Aurelia+Diogo Finnja+Alex Jill+Danilo Jules+Francesco Kathleen+Salvo Sarah+Josua Steffi+Jamy Vanessa+Jamy Walentina+Eugen
5,Aurelia+Diogo Finnja+Eugen Jill+Jamy Jules+Francesco Kathleen+Salvo Sarah+Josua
5,Aurelia+Diogo Finnja+Eugen Jill+Jamy Jules+Francesco Kathleen+Salvo Steffi+Danilo Vanessa+Jamy
5,Aurelia+Diogo Finnja+Eugen Jill+Jamy Jules+Francesco Sarah+Alex Steffi+Danilo Vanessa+Jamy
5,Aurelia+Diogo Finnja+Eugen Jill+Jamy Jules+Francesco Sarah+Alex Steffi+Danilo Walentina+Salvo
5,Aurelia+Diogo Finnja+Eugen Jill+Jamy Jules+Francesco Sarah+Josua Vanessa+Diogo
5,Aurelia+Diogo Finnja+Eugen Jill+Jamy Jules+Francesco Steffi+Danilo Vanessa+Diogo Walentina+Salvo
5,Aurelia+Diogo Jacky+Salvo Jill+Manu Jules+Francesco Melina+Danilo Sarah+Alex Vanessa+Jamy Walentina+Eugen
5,Aurelia+Diogo Jacky+Salvo Jill+Manu Jules+Francesco Melina+Danilo Sarah+Josua Steffi+Jamy
5,Aurelia+Diogo Jacky+Salvo Jill+Manu Jules+Francesco Melina+Danilo Sarah+Josua Vanessa+Diogo
5,Aurelia+Diogo Jacky+Salvo Jill+Manu Jules+Francesco Melina+Danilo Steffi+Jamy Vanessa+Jamy Walentina+Eugen
5,Aurelia+Diogo Jacky+Salvo Jill+Manu Jules+Francesco Sarah+Josua Steffi+Jamy Vanessa+Jamy
5,Aurelia+Diogo Jacky+Salvo Jill+Tommy Jules+Francesco Melina+Danilo Sarah+Alex Steffi+Jamy Walentina+Eugen
5,Aurelia+Diogo Jacky+Salvo Jill+Tommy Jules+Francesco Melina+Danilo Sarah+Alex Vanessa+Diogo Walentina+Eugen
5,Aurelia+Diogo Jacky+Salvo Jill+Tommy Jules+Francesco Melina+Danilo Steffi+Jamy Vanessa+Diogo Walentina+Eugen
5,Aurelia+Diogo Jacky+Salvo Jill+Tommy Jules+Francesco Sarah+Alex Steffi+Jamy Vanessa+Jamy Walentina+Eugen
5,Aurelia+Diogo Jacky+Salvo Jill+Tommy Jules+Francesco Sarah+Josua Steffi+Jamy Vanessa+Diogo
5,Aurelia+Diogo Jacky+Salvo Jules+Francesco Melina+Danilo Sarah+Alex Steffi+Jamy Vanessa+Jamy Walentina+Eugen
5,Aurelia+Diogo Jacky+Salvo Jules+Francesco Melina+Danilo Sarah+Josua Steffi+Jamy Vanessa+Diogo
5,Aurelia+Diogo Jill+Jamy Jules+Francesco Kathleen+Salvo Melina+Danilo Steffi+Alex Vanessa+Diogo Walentina+Eugen
5,Aurelia+Diogo Jill+Jamy Jules+Francesco Kathleen+Salvo Sarah+Josua Steffi+Alex Vanessa+Diogo
5,Aurelia+Diogo Jill+Manu Jules+Francesco Melina+Tommy Sarah+Josua Vanessa+Jamy
5,Aurelia+Diogo Jill+Manu Jules+Francesco Melina+Tommy Sarah+Josua Walentina+Salvo
5,Aurelia+Diogo Jill+Manu Jules+Francesco Melina+Tommy Steffi+Danilo Vanessa+Jamy Walentina+Salvo
5,Aurelia+Diogo Jill+Tommy Jules+Francesco Kathleen+Manu Sarah+Alex Steffi+Danilo Vanessa+Diogo
5,Aurelia+Diogo Jill+Tommy Jules+Francesco Kathleen+Manu Sarah+Alex Steffi+Jamy Walentina+Eugen
5,Aurelia+Diogo Jill+Tommy Jules+Francesco Kathleen+Manu Sarah+Alex Vanessa+Diogo Walentina+Eugen
5,Aurelia+Diogo Jill+Tommy Jules+Francesco Kathleen+Manu Steffi+Jamy Vanessa+Diogo Walentina+Eugen
5,Aurelia+Diogo Jules+Francesco Kathleen+Manu Melina+Danilo Sarah+Alex Steffi+Jamy Walentina+Eugen
5,Aurelia+Diogo Jules+Francesco Kathleen+Manu Melina+Danilo Sarah+Alex Vanessa+Diogo Walentina+Eugen
5,Aurelia+Diogo Jules+Francesco Kathleen+Manu Melina+Danilo Steffi+Jamy Vanessa+Diogo Walentina+Eugen
5,Aurelia+Diogo Jules+Francesco Kathleen+Manu Sarah+Alex Steffi+Danilo Vanessa+Diogo Walentina+Salvo
5,Aurelia+Diogo Jules+Francesco Kathleen+Manu Sarah+Alex Steffi+Jamy Vanessa+Jamy Walentina+Eugen
5,Aurelia+Diogo Jules+Francesco Kathleen+Manu Sarah+Josua Steffi+Jamy Vanessa+Diogo
5,Aurelia+Diogo Jules+Francesco Kathleen+Salvo Melina+Tommy Sarah+Josua Vanessa+Jamy
5,Aurelia+Diogo Jules+Francesco Melina+Tommy Sarah+Alex Steffi+Danilo Vanessa+Jamy Walentina+Salvo
5,Aurelia+Diogo Jules+Francesco Melina+Tommy Sarah+Josua Steffi+Jamy Vanessa+Jamy
5,Aurelia+Diogo Jules+Francesco Melina+Tommy Sarah+Josua Steffi+Jamy Walentina+Salvo
5,Aurelia+Diogo Jules+Francesco Melina+Tommy Sarah+Josua Vanessa+Diogo Walentina+Salvo
5,Finnja+Eugen Jacky+Salvo Jill+Jamy Jules+Francesco Melina+Danilo Sarah+Josua Vanessa+Diogo
5,Finnja+Eugen Jill+Jamy Jules+Francesco Kathleen+Manu Sarah+Alex Steffi+Danilo Vanessa+Jamy
5,Finnja+Eugen Jill+Jamy Jules+Francesco Kathleen+Manu Sarah+Alex Steffi+Danilo Walentina+Salvo
5,Finnja+Eugen Jill+Jamy Jules+Francesco Kathleen+Manu Sarah+Josua Vanessa+Diogo
5,Finnja+Eugen Jill+Jamy Jules+Francesco Kathleen+Manu Steffi+Danilo Vanessa+Diogo Walentina+Salvo
5,Finnja+Eugen Jill+Jamy Jules+Francesco Melina+Tommy Sarah+Josua Vanessa+Jamy
5,Finnja+Eugen Jill+Jamy Jules+Francesco Melina+Tommy Sarah+Josua Walentina+Salvo
5,Finnja+Eugen Jill+Jamy Jules+Francesco Melina+Tommy Steffi+Danilo Vanessa+Jamy Walentina+Salvo
5,Jacky+Salvo Jill+Tommy Jules+Francesco Kathleen+Manu Melina+Danilo Sarah+Alex Steffi+Jamy Walentina+Eugen
5,Jacky+Salvo Jill+Tommy Jules+Francesco Kathleen+Manu Melina+Danilo Sarah+Alex Vanessa+Diogo Walentina+Eugen
5,Jacky+Salvo Jill+Tommy Jules+Francesco Kathleen+Manu Melina+Danilo Steffi+Jamy Vanessa+Diogo Walentina+Eugen
5,Jacky+Salvo Jill+Tommy Jules+Francesco Kathleen+Manu Sarah+Alex Steffi+Jamy Vanessa+Jamy Walentina+Eugen
5,Jacky+Salvo Jill+Tommy Jules+Francesco Kathleen+Manu Sarah+Josua Steffi+Jamy Vanessa+Diogo
5,Jacky+Salvo Jules+Francesco Kathleen+Manu Melina+Danilo Sarah+Alex Steffi+Jamy Vanessa+Jamy Walentina+Eugen
5,Jacky+Salvo Jules+Francesco Kathleen+Manu Melina+Danilo Sarah+Josua Steffi+Jamy Vanessa+Diogo
5,Jill+Jamy Jules+Francesco Kathleen+Salvo Melina+Tommy Sarah+Josua Steffi+Alex Vanessa+Jamy
5,Jill+Jamy Jules+Francesco Melina+Tommy Sarah+Josua Steffi+Alex Vanessa+Diogo Walentina+Salvo
5,Jules+Francesco Kathleen+Manu Melina+Tommy Sarah+Alex Steffi+Danilo Vanessa+Jamy Walentina+Salvo
5,Jules+Francesco Kathleen+Manu Melina+Tommy Sarah+Josua Steffi+Jamy Vanessa+Jamy
5,Jules+Francesco Kathleen+Manu Melina+Tommy Sarah+Josua Steffi+Jamy Walentina+Salvo
5,Jules+Francesco Kathleen+Manu Melina+Tommy Sarah+Josua Vanessa+Diogo Walentina+Salvo
6,Aurelia+Diogo Finnja+Alex Jill+Danilo Jules+Francesco Kathleen+Salvo Sarah+Josua Steffi+Jamy Vanessa+Jamy Walentina+Eugen
6,Aurelia+Diogo Finnja+Jamy Jacky+Salvo Jill+Manu Jules+Francesco Melina+Danilo Sarah+Alex Vanessa+Jamy Walentina+Eugen
6,Aurelia+Diogo Jacky+Salvo Jill+Manu Jules+Francesco Melina+Danilo Sarah+Josua Steffi+Jamy
6,Aurelia+Diogo Jacky+Salvo Jill+Manu Jules+Francesco Sarah+Josua Steffi+Jamy Vanessa+Jamy
6,Aurelia+Diogo Jacky+Salvo Jill+Tommy Jules+Francesco Melina+Danilo Sarah+Alex Vanessa+Diogo Walentina+Eugen
6,Aurelia+Diogo Jacky+Salvo Jill+Tommy Jules+Francesco Melina+Danilo Steffi+Jamy Vanessa+Diogo Walentina+Eugen
6,Aurelia+Diogo Jill+Jamy Jules+Francesco Kathleen+Salvo Melina+Danilo Steffi+Alex Vanessa+Diogo Walentina+Eugen
6,Aurelia+Diogo Jill+Tommy Jules+Francesco Kathleen+Manu Sarah+Alex Steffi+Jamy Walentina+Eugen
6,Aurelia+Diogo Jules+Francesco Kathleen+Manu Melina+Danilo Sarah+Alex Steffi+Jamy Walentina+Eugen
6,Aurelia+Diogo Jules+Francesco Kathleen+Manu Sarah+Alex Steffi+Jamy Vanessa+Jamy Walentina+Eugen
6,Jacky+Salvo Jill+Tommy Jules+Francesco Kathleen+Manu Melina+Danilo Sarah+Alex Steffi+Jamy Walentina+Eugen
6,Jacky+Salvo Jill+Tommy Jules+Francesco Kathleen+Manu Sarah+Alex Steffi+Jamy Vanessa+Jamy Walentina+Eugen
6,Jacky+Salvo Jules+Francesco Kathleen+Manu Melina+Danilo Sarah+Alex Steffi+Jamy Vanessa+Jamy Walentina+Eugen
7,Aurelia+Diogo Finnja+Alex Jill+Danilo Jules+Francesco Kathleen+Salvo Sarah+Josua Steffi+Jamy Vanessa+Jamy Walentina+Eugen
7,Aurelia+Diogo Finnja+Jamy Jacky+Salvo Jill+Manu Jules+Francesco Melina+Danilo Sarah+Alex Vanessa+Jamy Walentina+Eugen
7,Aurelia+Diogo Jacky+Salvo Jill+Manu Jules+Francesco Melina+Danilo Sarah+Josua Steffi+Jamy
7,Aurelia+Diogo Jacky+Salvo Jill+Manu Jules+Francesco Sarah+Josua Steffi+Jamy Vanessa+Jamy
7,Aurelia+Diogo Jill+Tommy Jules+Francesco Kathleen+Manu Sarah+Alex Steffi+Jamy Walentina+Eugen
7,Aurelia+Diogo Jules+Francesco Kathleen+Manu Melina+Danilo Sarah+Alex Steffi+Jamy Walentina+Eugen
7,Aurelia+Diogo Jules+Francesco Kathleen+Manu Sarah+Alex Steffi+Jamy Vanessa+Jamy Walentina+Eugen
7,Jacky+Salvo Jill+Tommy Jules+Francesco Kathleen+Manu Melina+Danilo Sarah+Alex Steffi+Jamy Walentina+Eugen
7,Jacky+Salvo Jill+Tommy Jules+Francesco Kathleen+Manu Sarah+Alex Steffi+Jamy Vanessa+Jamy Walentina+Eugen
7,Jacky+Salvo Jules+Francesco Kathleen+Manu Melina+Danilo Sarah+Alex Steffi+Jamy Vanessa+Jamy Walentina+Eugen
8,Jacky+Salvo Jill+Tommy Jules+Francesco Kathleen+Manu Melina+Danilo Sarah+Alex Steffi+Jamy Walentina+Eugen
8,Jacky+Salvo Jill+Tommy Jules+Francesco Kathleen+Manu Sarah+Alex Steffi+Jamy Vanessa+Jamy Walentina+Eugen
8,Jacky+Salvo Jules+Francesco Kathleen+Manu Melina+Danilo Sarah+Alex Steffi+Jamy Vanessa+Jamy Walentina+Eugen
9,Aurelia+Josua Jacky+Salvo Jill+Diogo Jules+Francesco Kathleen+Manu Melina+Danilo Sarah+Alex Steffi+Jamy Vanessa+Jamy Walentina+Eugen
9,Aurelia+Josua Jacky+Salvo Jill+Tommy Jules+Francesco Kathleen+Manu Melina+Danilo Sarah+Alex Steffi+Jamy Vanessa+Alex Walentina+Eugen
